{"cameraMode":{"drawMode":0,"name":"Shaded","section":"Shading Mode"},"sceneLighting":true,"audioPlay":false,"sceneViewState":{"showFog":true,"showMaterialUpdate":true,"showSkybox":true,"showFlares":true,"showImageEffects":true,"showParticleSystems":true},"in2DMode":false,"pivot":{"x":55.560462951660159,"y":-58.47828674316406,"z":9.827537536621094},"rotation":{"x":-0.4712684750556946,"y":0.10664056241512299,"z":-0.057522837072610858,"w":-0.8736274838447571},"size":109.1098861694336,"orthographic":false}