{"cameraMode":{"drawMode":0,"name":"Shaded","section":"Shading Mode"},"sceneLighting":true,"audioPlay":false,"sceneViewState":{"showFog":true,"showMaterialUpdate":false,"showSkybox":true,"showFlares":true,"showImageEffects":true,"showParticleSystems":true},"in2DMode":false,"pivot":{"x":-24.0,"y":5.199999809265137,"z":9.600000381469727},"rotation":{"x":-0.34554195404052737,"y":0.05258488655090332,"z":-0.019446032121777536,"w":-0.936726987361908},"size":137.8625030517578,"orthographic":true}